id;name;age;weight;height;fitness_level;bmi;coach_id;daily_calories;goal;password
1;Ayse Guler;37;87,38;153,42;2;37,12;5;2500;Muscle Gain;1234
2;Emre Ozturk;55;63,72;176,64;2;20,42;1;2200;Endurance;1234
3;Ayse Aydin;23;64,57;163,07;1;24,28;1;2300;Weight Loss;1234
4;Cem Celik;56;96,88;173,53;1;32,17;5;2400;Weight Loss;1234
5;Oguz Arslan;25;83,85;160,47;2;32,56;5;2100;Weight Loss;1234
6;Oguz Sahin;24;75,02;161,18;1;28,88;4;2600;Weight Loss;1234
7;Can Koc;26;58,01;168,30;3;20,48;3;2800;Endurance;1234
8;Merve Celik;18;60,46;157,72;3;24,01;3;2500;Weight Loss;1234
9;Ayse Polat;38;88,73;163,83;1;33,06;5;2200;Weight Loss;1234
10;Ayse Sahin;35;79,75;182,82;1;23,86;3;2300;Endurance;1234
11;Buse Guler;30;79,11;153,95;1;33,38;1;2400;Muscle Gain;1234
12;Can Ozturk;48;68,80;162,71;3;25,99;1;2100;Muscle Gain;1234
13;Emre Celik;37;66,03;188,93;1;18,05;2;2600;Endurance;1234
14;Ayse Aydin;52;65,96;179,86;3;20,39;3;2800;Weight Loss;1234
15;Can Kaya;63;58,92;185,59;1;17,11;1;2450;Weight Loss;1234
16;Can Sahin;53;90,86;161,93;3;34,65;1;2560;Weight Loss;1234
17;Ali Aksoy;60;78,05;156,70;2;31,79;5;2940;Endurance;1234
18;Can Aydin;54;66,50;177,25;1;21,17;5;3120;Endurance;1234
19;Deniz Polat;41;92,52;184,15;2;27,28;4;3250;Endurance;1234
20;Buse Aydin;58;78,78;180,21;1;24,26;2;2940;Weight Loss;1234
21;Deniz Demir;25;64,25;168,94;1;22,51;5;2130;Endurance;1234
22;Deniz Celik;48;59,15;174,03;2;19,53;1;2500;Endurance;1234
23;Ayse Polat;55;62,42;170,76;1;21,41;3;2200;Muscle Gain;1234
24;Zeynep Korkmaz;21;75,60;186,19;2;21,81;3;2300;Weight Loss;1234
25;Deniz Guler;37;71,45;177,41;1;22,70;4;2400;Endurance;1234
26;Ahmet Guler;42;88,26;177,01;1;28,17;2;2100;Endurance;1234
27;Ahmet Ozturk;38;90,54;157,40;2;36,55;4;2600;Weight Loss;1234
28;Ezgi Sahin;29;97,43;178,68;2;30,52;2;2800;Muscle Gain;1234
29;Mehmet Koc;19;55,63;164,07;3;20,67;3;2500;Endurance;1234
30;Fatma Koc;22;65,39;180,21;3;20,14;4;2200;Weight Loss;1234
31;Mehmet Arslan;58;88,55;186,72;1;25,40;2;2300;Weight Loss;1234
32;Burak Korkmaz;28;63,91;176,25;2;20,57;4;2400;Endurance;1234
33;Cem Sahin;32;78,22;156,29;1;32,02;4;2100;Endurance;1234
34;Mehmet Aydin;26;97,57;187,35;2;27,80;1;2600;Muscle Gain;1234
35;Cem Koc;62;92,84;156,93;2;37,70;5;2800;Weight Loss;1234
36;Ezgi Aksoy;53;68,74;156,19;1;28,18;2;2450;Endurance;1234
37;Burak Celik;42;66,63;155,13;1;27,69;4;2560;Weight Loss;1234
38;Ali Koc;19;80,70;188,43;1;22,73;2;2940;Endurance;1234
39;Burak Guler;50;63,16;188,86;3;17,71;4;3120;Weight Loss;1234
40;Fatma Ozturk;20;77,11;164,11;1;28,63;5;3250;Endurance;1234
41;Deniz Arslan;43;83,84;168,46;3;29,54;3;2940;Weight Loss;1234
42;Merve Kaya;38;89,25;172,60;1;29,96;5;2130;Endurance;1234
43;Cem Yilmaz;27;79,75;178,68;3;24,98;5;2500;Weight Loss;1234
44;Deniz Aksoy;50;94,68;172,91;3;31,67;2;2200;Muscle Gain;1234
45;Zeynep Yilmaz;22;67,21;179,18;3;20,93;5;2300;Weight Loss;1234
46;Merve Dogan;52;96,47;158,10;1;38,59;4;2400;Endurance;1234
47;Burak Yildirim;56;66,30;179,68;1;20,54;5;2100;Endurance;1234
48;Ayse Korkmaz;41;69,04;157,61;2;27,79;4;2600;Muscle Gain;1234
49;Fatma Celik;43;94,06;154,49;1;39,41;1;2800;Endurance;1234
50;Cem Koc;29;99,74;159,62;1;39,15;5;2500;Endurance;1234
51;Zeynep Sahin;39;56,14;152,47;3;24,15;3;2200;Weight Loss;1234
52;Deniz Dogan;35;74,84;161,38;1;28,74;3;2300;Weight Loss;1234
53;Ahmet Yildirim;25;71,16;156,89;3;28,91;1;2400;Muscle Gain;1234
54;Ali Aksoy;38;66,08;158,06;2;26,45;5;2100;Endurance;1234
55;Emre Korkmaz;64;98,70;186,73;1;28,31;2;2600;Muscle Gain;1234
56;Zeynep Celik;62;56,76;181,50;1;17,23;2;2800;Muscle Gain;1234
57;Can Kaya;34;65,72;161,94;1;25,80;2;2450;Endurance;1234
58;Merve Guler;65;65,11;176,94;2;20,80;1;2560;Weight Loss;1234
59;Ezgi Celik;58;83,81;172,04;1;28,32;4;2940;Weight Loss;1234
60;Buse Guler;34;91,16;156,98;1;36,99;5;3120;Weight Loss;1234
61;Merve Arslan;45;67,65;184,52;3;19,87;5;3250;Endurance;1234
62;Deniz Demir;55;67,83;150,00;3;30,15;4;2940;Weight Loss;1234
63;Burak Arslan;64;99,99;152,08;3;43,23;3;2130;Endurance;1234
64;Mehmet Demir;52;71,77;169,59;3;24,95;5;2500;Weight Loss;1234
65;Ayse Celik;26;90,44;159,30;1;35,64;3;2200;Weight Loss;1234
66;Can Arslan;48;93,00;165,04;2;34,14;1;2300;Weight Loss;1234
67;Oguz Aydin;47;62,10;177,20;3;19,78;2;2400;Weight Loss;1234
68;Emre Ozturk;51;60,22;156,68;2;24,53;1;2100;Muscle Gain;1234
69;Cem Polat;44;67,81;188,32;1;19,12;3;2600;Weight Loss;1234
70;Ezgi Dogan;64;89,14;164,43;1;32,97;2;2800;Weight Loss;1234
71;Ayse Demir;44;83,66;161,80;3;31,96;2;2500;Weight Loss;1234
72;Ayse Arslan;38;69,08;187,50;3;19,65;4;2200;Endurance;1234
73;Burak Aydin;42;93,91;180,62;3;28,79;5;2300;Weight Loss;1234
74;Fatma Demir;28;74,48;183,81;2;22,40;5;2400;Weight Loss;1234
75;Emre Kaya;50;62,77;178,49;1;19,70;3;2100;Muscle Gain;1234
76;Ayse Sahin;51;96,76;178,92;2;30,23;3;2600;Endurance;1234
77;Can Aydin;53;56,09;169,77;2;19,46;1;2800;Muscle Gain;1234
78;Oguz Yildirim;29;67,52;152,46;1;29,50;5;2450;Endurance;1234
79;Buse Aydin;63;71,11;188,36;3;20,40;2;2560;Muscle Gain;1234
80;Deniz Guler;52;72,31;161,49;2;27,73;5;2940;Weight Loss;1234
81;Ahmet Kaya;49;87,73;157,48;3;35,38;2;3120;Muscle Gain;1234
82;Merve Sahin;40;68,57;170,62;1;23,55;1;3250;Weight Loss;1234
83;Ahmet Polat;57;71,36;154,15;3;30,30;5;2940;Muscle Gain;1234
84;Ezgi Aydin;50;72,97;160,60;1;28,29;2;2130;Muscle Gain;1234
85;Zeynep Demir;18;79,80;185,95;2;23,80;5;2450;Muscle Gain;1234
86;Ayse Yilmaz;38;94,52;182,71;3;28,31;5;2560;Endurance;1234
87;Ezgi Yildirim;36;82,45;165,36;1;30,15;3;2940;Weight Loss;1234
88;Zeynep Sahin;39;97,22;183,46;1;28,89;5;3120;Endurance;1234
89;Ahmet Koc;53;78,48;154,77;1;32,76;3;3250;Muscle Gain;1234
90;Burak Yilmaz;51;77,90;175,61;3;25,26;3;2940;Endurance;1234
91;Merve Guler;29;70,46;155,06;2;29,31;4;2450;Endurance;1234
92;Zeynep Guler;25;90,77;157,24;2;36,71;1;2560;Weight Loss;1234
93;Emre Guler;35;86,89;163,18;2;32,63;2;2940;Muscle Gain;1234
94;Ali Arslan;58;59,80;174,37;3;19,67;5;3120;Muscle Gain;1234
95;Ahmet Guler;27;72,00;157,70;2;28,95;2;3250;Endurance;1234
96;Ayse Yilmaz;52;61,61;175,75;3;19,95;3;2940;Muscle Gain;1234
97;Deniz Aydin;26;68,36;150,63;3;30,13;2;2450;Weight Loss;1234
98;Ahmet Aksoy;52;89,39;173,97;2;29,54;1;2560;Muscle Gain;1234
99;Deniz Ozturk;46;70,73;186,03;3;20,44;4;2940;Weight Loss;1234
100;Emre Aydin;59;93,10;158,18;1;37,21;2;3120;Muscle Gain;1234
